{
  "phases": 0.0006349086761474609,
  "total": 0.001178741455078125
}