{
  "phases": 0.0001499652862548828,
  "total": 0.0015940666198730469
}